pathway	AH12	AH13	AH19	AH20	IA1	IA3	IA5	IA6	IA7	IA8	IA9	IA10	IA15	IA16	IA17	IA18	IA19	IA20	IA21
ko00010	10186	3119	2967	14039	952	624	4003	35305	30427	2980	601	3548	2850	1299	3028	2737	1177	1248	2118
ko00020	6621	682	1350	5356	292	207	899	6115	5273	792	199	1257	1018	372	837	1151	518	415	674
ko00030	6170	1135	1333	6057	445	268	1519	11304	9733	1167	254	1448	1205	544	1142	1110	494	529	837
ko00040	3652	314	595	2750	219	145	413	1911	1657	387	126	582	493	229	392	424	229	187	299
ko00051	6236	1935	1811	7904	561	380	2702	23386	20120	1965	372	2164	1762	869	1890	1623	674	717	1380
ko00052	2988	1824	1442	5813	586	415	2443	22519	19360	1803	402	2244	1848	757	1872	1702	747	694	1285
ko00053	3134	98	315	2050	23	29	132	382	347	103	14	107	69	79	77	83	29	51	67
ko00061	8955	665	1225	6992	311	202	618	2443	2144	577	172	964	744	378	697	785	372	323	450
ko00062	1	0	0	2	0	0	0	0	0	0	0	0	0	0	0	0	0	0	0
ko00071	8953	399	968	5553	159	100	572	3748	3231	437	89	484	423	207	372	365	172	256	366
ko00072	2492	124	248	1555	39	15	142	1314	1128	97	17	117	104	45	103	83	32	68	94
ko00100	113	0	9	53	0	0	0	0	0	0	0	0	0	0	0	0	0	0	0
ko00120	535	125	123	514	38	25	178	1802	1545	130	27	154	132	45	131	113	49	48	93
ko00121	75	129	97	292	38	27	199	1803	1546	147	28	161	138	52	138	122	54	56	105
ko00130	3729	228	512	2464	111	65	287	2175	1874	278	75	419	360	102	322	373	186	150	221
ko00140	836	17	88	473	22	16	23	3	3	30	12	106	80	24	52	64	22	26	38
ko00190	9260	1088	1799	7543	456	305	1468	11411	9818	1235	325	1738	1456	529	1280	1522	719	570	993
ko00195	1322	502	500	1925	198	141	666	5272	4536	534	132	661	549	233	537	545	271	225	383
ko00220	5977	408	974	4385	253	204	617	2241	1956	588	163	745	609	291	497	642	359	271	408
ko00230	13876	3505	3896	16778	1418	936	4472	34386	29632	3590	872	4575	3761	1596	3652	3690	1797	1577	2558
ko00232	0	0	0	4	0	0	0	0	0	0	0	0	0	0	0	0	0	0	0
ko00240	8463	2912	2901	11584	1140	736	3767	30587	26332	2945	705	3707	3074	1314	2995	2932	1401	1242	2111
ko00250	8710	1242	1852	7536	554	391	1695	11459	9877	1409	351	1847	1525	636	1365	1544	761	625	1030
ko00253	17	0	1	13	0	0	0	0	0	0	0	3	3	2	1	2	0	4	3
ko00260	11367	919	1780	8387	498	375	1371	7909	6820	1195	327	1500	1256	592	1089	1208	644	533	871
ko00261	1627	233	343	1492	109	88	316	1981	1708	284	81	383	316	138	296	334	174	132	220
ko00270	9515	1313	1928	8875	665	490	1845	10492	9071	1605	417	2001	1652	799	1480	1674	877	761	1110
ko00280	13248	518	1361	8165	198	147	631	4078	3525	511	122	698	570	291	529	545	241	316	455
ko00281	2688	68	237	1445	17	10	102	656	564	66	8	57	53	32	52	42	16	47	67
ko00290	2292	157	390	1594	106	115	324	841	726	308	92	359	312	180	236	341	199	144	237
ko00300	4650	882	1186	4791	412	286	1168	6621	5718	981	247	1235	1003	471	935	1000	511	431	682
ko00310	6116	144	534	3373	48	23	196	1367	1178	138	24	156	148	84	123	113	45	122	163
ko00311	324	116	104	417	32	23	158	1717	1476	115	25	138	114	43	124	108	47	40	89
ko00330	10006	397	1126	6136	213	153	527	3033	2624	466	134	616	517	249	453	515	278	231	356
ko00332	406	37	88	373	30	29	64	28	30	68	21	81	66	36	50	72	44	32	43
ko00333	4794	243	541	3368	93	48	261	1450	1257	217	45	325	257	116	244	252	103	125	173
ko00340	4691	109	607	2514	107	129	383	58	53	369	94	368	316	197	197	348	210	155	271
ko00350	5682	394	730	3974	170	121	535	3737	3222	422	102	511	432	204	388	409	209	234	332
ko00360	5275	192	604	3423	99	85	315	753	662	265	56	289	233	153	185	252	128	155	214
ko00361	1065	36	93	680	13	13	43	34	32	28	6	26	15	28	17	23	10	9	13
ko00362	6793	357	727	4157	117	66	495	3499	3007	353	62	387	347	176	308	287	120	208	298
ko00363	122	0	9	58	0	0	0	0	0	0	0	0	0	0	0	0	0	0	0
ko00364	1020	2	74	524	2	0	2	1	1	2	1	11	9	3	4	6	0	1	3
ko00365	123	0	9	62	0	0	0	0	0	0	0	0	0	0	0	0	0	0	0
ko00380	7075	106	611	3743	43	23	149	715	617	116	20	132	115	60	97	112	51	75	108
ko00400	6091	279	907	3825	200	269	667	1465	1279	652	201	667	566	347	466	672	434	276	491
ko00401	1719	108	257	1174	52	70	211	708	614	183	48	177	143	96	126	170	102	76	129
ko00404	19	0	0	48	0	0	0	1	0	0	0	0	0	0	0	0	0	0	0
ko00405	574	9	64	293	13	24	41	2	4	43	16	40	35	22	27	45	35	19	34
ko00410	7012	99	638	3813	56	35	124	97	96	123	29	171	138	67	108	147	71	72	93
ko00430	1349	255	290	1431	100	67	316	2650	2284	251	62	322	269	116	269	257	124	124	195
ko00440	994	49	130	653	30	20	86	351	304	72	15	82	66	36	53	57	29	35	49
ko00450	3381	407	674	3101	223	174	601	3577	3092	557	155	714	602	259	531	643	349	294	420
ko00460	1252	290	362	1318	129	93	443	3279	2819	362	90	473	393	170	360	351	166	123	267
ko00471	892	245	283	1029	108	62	329	2616	2249	266	63	347	295	109	271	282	135	116	192
ko00472	238	1	18	136	2	0	2	0	0	2	1	5	8	5	1	2	0	11	10
ko00473	954	238	238	1081	82	47	280	2627	2260	213	49	275	227	88	234	217	99	96	156
ko00480	4520	412	603	3567	132	81	483	4772	4108	361	81	478	389	146	405	381	167	164	263
ko00500	5613	4294	3115	14682	1085	871	5445	48568	41840	3873	764	4348	3356	1771	3883	3347	1399	1347	2584
ko00510	53	10	24	59	18	17	20	0	0	28	14	42	36	13	28	38	27	13	23
ko00511	253	155	200	403	124	109	273	1524	1314	259	93	463	365	153	299	312	157	95	231
ko00513	50	43	56	81	27	27	68	384	329	65	24	105	83	37	79	78	43	21	63
ko00514	14	1	0	9	3	4	5	0	0	6	3	7	7	4	1	6	5	4	3
ko00515	1	1	0	5	3	4	5	0	0	6	3	7	7	4	1	6	5	4	3
ko00520	9200	3641	3301	15115	1048	801	4736	41812	36047	3591	752	4387	3466	1581	3751	3485	1515	1434	2580
ko00521	1936	463	522	2379	176	141	610	4274	3683	482	119	626	495	230	484	501	238	206	341
ko00522	0	0	0	0	0	0	0	1	1	0	0	0	0	0	0	0	0	0	0
ko00523	1159	231	286	1313	84	71	299	2058	1774	254	65	338	269	113	269	304	151	125	191
ko00524	241	140	112	488	45	34	186	1532	1320	140	30	176	140	64	141	135	58	64	101
ko00525	336	116	122	575	41	33	141	966	834	119	29	168	130	56	131	143	66	56	87
ko00531	216	84	115	214	54	56	126	718	616	117	48	187	149	73	140	136	80	32	113
ko00532	1	0	0	0	0	0	0	0	0	0	0	0	0	0	0	0	0	0	0
ko00534	1	0	0	0	0	0	0	0	0	0	0	0	0	0	0	0	0	0	0
ko00540	3337	119	526	1941	84	83	193	709	617	244	91	445	370	103	316	466	251	145	251
ko00550	4503	1599	1508	6363	578	376	2058	16845	14498	1569	350	1924	1578	715	1569	1505	688	654	1096
ko00561	3479	813	847	3741	309	172	991	7866	6768	739	167	935	768	353	761	688	304	313	515
ko00562	2378	200	351	1725	99	60	278	1937	1666	225	58	308	260	108	223	231	107	98	160
ko00563	1	0	0	1	0	0	0	0	0	0	0	0	0	0	0	0	0	0	0
ko00564	4576	885	1014	4322	328	223	1168	10066	8660	911	222	1138	955	398	940	904	436	380	685
ko00565	304	3	31	149	4	5	6	2	2	10	5	15	13	4	11	17	12	4	10
ko00571	134	0	9	116	5	13	9	0	0	9	7	6	4	6	0	12	14	3	3
ko00590	440	4	38	211	4	5	6	7	6	10	5	15	13	6	13	15	11	4	10
ko00591	53	2	9	12	4	5	5	1	1	10	5	13	12	4	11	14	11	4	9
ko00592	605	58	81	387	21	12	73	653	560	55	13	65	59	24	58	51	26	34	52
ko00600	188	201	203	557	121	107	282	1737	1495	251	88	459	357	150	301	320	150	109	220
ko00601	1	2	7	0	4	4	5	0	0	7	4	8	7	4	7	6	6	0	6
ko00603	87	153	131	319	71	65	200	1199	1029	161	53	230	180	99	175	172	88	54	130
ko00604	50	43	54	74	27	27	68	384	329	62	23	100	78	37	74	69	38	17	59
ko00620	13678	1979	2847	12579	796	461	2407	17226	14864	1954	442	2784	2273	945	2052	2278	1004	1009	1525
ko00621	95	60	45	209	23	11	70	659	566	53	13	73	66	28	59	52	23	27	43
ko00622	893	75	106	640	30	12	76	674	579	55	13	86	73	37	69	61	24	30	47
ko00623	580	14	45	350	7	1	7	10	9	7	2	18	14	7	13	17	6	7	6
ko00624	292	1	20	162	2	0	2	0	0	5	1	10	10	2	7	11	5	4	4
ko00625	2578	254	364	2135	99	56	321	2451	2115	241	51	295	250	122	232	222	100	143	194
ko00626	869	210	212	1101	84	42	265	2381	2051	202	45	261	228	88	211	192	88	125	170
ko00627	3237	182	364	2112	63	34	223	2034	1750	172	36	220	188	70	178	179	80	92	133
ko00630	12084	736	1672	8515	391	302	1060	5768	4981	945	262	1302	1092	492	921	1070	546	505	785
ko00633	835	18	110	463	8	6	31	212	183	39	11	81	71	9	51	98	48	38	46
ko00640	12054	1059	1781	9334	479	305	1228	7373	6389	1036	265	1513	1241	563	1108	1194	560	631	843
ko00642	586	56	72	376	17	7	68	652	559	45	8	52	47	20	47	37	15	30	43
ko00643	2256	20	192	1189	15	2	23	14	12	18	2	22	22	13	13	15	6	19	20
ko00650	11671	745	1712	7958	313	204	1041	6350	5484	855	186	1138	951	404	777	977	448	469	720
ko00660	2027	150	324	1417	81	75	263	1374	1182	231	64	276	237	115	192	244	135	99	171
ko00670	2599	539	673	2752	228	168	740	5188	4469	614	152	776	644	287	623	656	325	278	470
ko00680	5650	1070	1374	5931	425	289	1527	11238	9675	1237	281	1565	1311	541	1215	1303	608	582	948
ko00710	2443	802	831	3187	310	208	1104	9033	7767	875	206	1077	912	374	886	872	421	385	659
ko00720	7484	1160	1789	7152	481	336	1446	9749	8413	1240	313	1869	1514	606	1320	1665	762	635	1006
ko00730	2037	580	632	2525	271	170	772	6102	5252	637	167	850	716	285	653	666	331	273	460
ko00740	1771	810	662	2621	257	149	930	8788	7551	672	154	901	743	284	782	711	311	292	511
ko00750	1426	97	218	1125	57	60	162	936	812	159	51	208	169	82	146	183	104	67	120
ko00760	4936	625	910	4149	283	231	842	6391	5506	706	203	903	748	320	704	761	411	297	520
ko00770	3167	495	710	2903	237	174	682	4290	3699	582	160	759	634	290	571	631	328	266	438
ko00780	6995	354	864	4883	190	136	386	1542	1350	389	121	612	486	224	449	500	255	197	321
ko00785	297	19	47	235	14	10	22	57	51	21	8	42	32	15	23	33	16	16	22
ko00790	5196	349	841	3563	243	149	488	2302	1985	476	147	688	588	213	498	579	323	215	365
ko00791	1390	62	166	1102	29	19	48	59	63	53	14	75	48	36	54	50	24	20	28
ko00830	572	125	131	690	53	27	160	1633	1403	128	33	171	151	48	143	127	62	67	105
ko00860	7287	357	938	4844	211	107	481	2417	2086	415	103	595	524	189	415	450	205	306	397
ko00900	3131	809	898	3586	330	213	1098	8784	7549	877	213	1071	903	381	869	857	424	365	638
ko00901	113	0	9	54	0	0	0	0	0	0	0	0	0	0	0	0	0	0	0
ko00902	2	0	0	2	0	0	0	0	0	0	0	0	0	0	0	0	0	0	0
ko00903	2770	26	229	1465	13	4	46	47	43	35	3	31	28	19	16	19	6	20	24
ko00906	58	1	1	121	1	0	0	0	0	0	0	1	1	0	1	0	0	0	0
ko00908	165	64	68	240	28	21	86	659	567	71	19	91	76	33	73	73	38	28	53
ko00909	0	0	0	7	0	0	0	0	0	0	0	0	0	0	0	0	0	0	0
ko00910	4300	237	671	2801	148	122	403	1611	1393	369	101	470	396	189	312	404	225	170	295
ko00920	9390	485	1273	6823	217	155	698	3035	2646	649	131	778	628	310	543	694	332	328	459
ko00930	2701	43	253	1463	27	16	89	128	111	72	13	62	57	34	37	39	21	33	46
ko00940	431	117	156	455	70	64	220	1372	1178	198	59	264	223	102	194	194	103	60	149
ko00941	11	2	7	1	4	5	5	0	0	7	4	10	9	4	8	8	6	1	7
ko00944	6	15	15	25	7	6	24	250	214	20	6	29	25	8	24	21	11	6	18
ko00945	11	2	7	1	4	5	5	0	0	7	4	10	9	4	8	8	6	1	7
ko00950	1050	84	157	816	38	46	133	688	596	114	32	122	95	58	90	114	68	48	76
ko00960	1154	97	187	885	47	58	179	698	606	155	41	157	127	82	110	146	85	66	108
ko00965	376	0	27	171	0	0	0	1	1	0	0	0	0	0	0	0	0	0	0
ko00966	147	10	39	88	9	11	37	6	5	34	8	34	30	19	18	33	19	13	23
ko00970	4565	1728	1687	6733	651	438	2242	18503	15918	1769	419	2213	1838	760	1816	1824	878	774	1280
ko00980	2020	127	228	1484	49	23	155	1636	1405	121	29	164	145	44	137	122	56	68	100
ko00981	1335	10	105	682	5	1	16	44	39	13	1	13	11	9	6	9	2	7	9
ko00982	2255	128	247	1618	51	27	158	1636	1405	124	31	165	145	46	136	125	61	68	100
ko00983	2804	576	651	2918	222	140	720	6000	5165	558	136	727	597	254	589	556	259	231	410
ko00984	538	3	50	278	0	0	4	4	3	8	0	10	6	1	1	12	4	0	4
ko01040	5229	202	524	3413	70	40	241	1420	1230	191	35	259	205	98	195	199	80	109	152
ko01051	293	31	66	220	24	15	79	141	123	73	15	81	77	41	52	68	33	41	55
ko01052	1151	4	95	573	0	0	0	1	1	0	0	2	2	0	2	2	0	1	1
ko01053	9580	41	800	4540	15	17	28	28	28	36	11	42	38	14	27	42	28	23	28
ko01054	11540	124	990	5712	20	9	71	688	596	47	8	69	48	24	62	52	16	21	31
ko01055	656	89	124	567	30	20	118	1113	954	95	23	134	112	33	108	116	53	43	75
ko01056	7	0	0	8	0	0	0	0	0	0	0	0	1	1	0	0	0	2	2
ko01057	5	0	0	20	0	0	0	2	2	0	0	0	1	2	0	0	0	2	2
ko01059	382	1	30	208	0	0	0	4	4	3	1	5	5	0	5	9	5	4	4
ko01062	14	0	0	32	0	0	0	0	0	0	0	0	0	0	0	0	0	0	0
ko01100	166162	22961	32483	145624	9834	7013	31223	220945	190368	25659	6434	32970	27368	12039	25407	26846	13196	11610	19188
ko01110	69663	8741	13584	58434	4015	3005	12407	76809	66235	10463	2661	13145	10927	5041	9883	10975	5592	4742	7801
ko01120	65121	6566	10706	51485	2707	1785	8837	58441	50408	7170	1626	9279	7673	3445	6924	7553	3491	3549	5454
ko01130	60200	6895	11087	49834	3137	2329	9603	58592	50559	8124	2044	10364	8560	3926	7718	8687	4366	3817	6060
ko01200	28521	3541	5379	24371	1474	1031	4728	32529	28041	3898	939	5222	4308	1876	3906	4353	2048	1928	3060
ko01210	6405	422	1014	4356	271	265	780	2388	2066	732	211	876	743	398	583	802	459	353	547
ko01212	14143	748	1652	9659	330	217	768	3090	2701	677	180	1017	800	428	747	821	387	393	548
ko01220	5742	481	772	4275	205	100	589	4774	4109	461	106	643	556	215	485	488	217	271	359
ko01230	27949	3456	5822	23558	1800	1544	5548	27581	23812	4873	1290	5737	4807	2408	4183	4952	2706	2164	3523
ko01501	9330	1087	1513	7679	359	278	1330	10709	9237	1042	250	1351	1079	527	1091	1104	507	459	791
ko01502	1294	486	449	1807	192	112	652	4690	4040	503	111	626	532	261	477	473	206	245	368
ko01503	8860	555	1205	5786	239	147	703	5081	4389	598	151	870	709	285	653	696	321	293	487
ko01523	892	226	257	1036	94	67	304	2008	1730	241	58	285	233	119	229	231	115	98	173
ko01524	2377	290	359	2000	90	53	337	3279	2819	250	55	324	265	103	276	266	117	111	179
ko02010	68669	11663	13562	69505	3793	2520	15134	127205	109609	11415	2374	13617	11169	5330	11068	10947	4803	5054	7937
ko02020	75305	5254	10242	50616	2229	1214	6743	52352	45128	5545	1283	8777	7343	2751	6015	6690	2668	3289	4788
ko02024	31883	4611	5785	30827	1472	1111	5936	49181	42415	4592	1001	5539	4514	2164	4512	4568	2061	2162	3388
ko02025	18493	325	1682	9868	146	126	389	2491	2151	360	110	723	578	203	464	575	246	246	362
ko02026	13048	628	1452	8223	190	141	792	6419	5546	621	126	927	722	325	668	679	249	302	493
ko02030	10175	135	872	5574	85	52	196	1270	1103	244	70	462	430	117	320	430	198	226	274
ko02040	6363	45	563	3550	78	19	79	38	45	208	61	423	436	80	307	478	237	249	252
ko02060	7570	6123	4164	20302	1153	793	7590	75235	64800	5115	784	5374	4104	2071	5228	4107	1466	1697	3369
ko03008	426	71	86	375	30	18	91	732	630	70	15	93	77	28	70	76	35	33	47
ko03010	8598	3442	3333	12847	1334	918	4491	37491	32249	3536	878	4445	3689	1525	3623	3591	1757	1493	2550
ko03013	419	129	132	553	50	34	154	1328	1145	122	32	159	128	56	134	123	59	47	87
ko03018	4257	1012	1129	4579	405	267	1295	10608	9129	1020	258	1347	1115	456	1072	1084	516	438	751
ko03020	683	378	320	1312	132	78	463	4029	3467	353	78	448	370	151	374	361	164	154	250
ko03022	116	0	9	57	0	0	0	0	0	0	0	0	0	0	0	0	0	0	0
ko03030	3085	1058	1063	4074	415	277	1423	11687	10049	1116	267	1402	1173	483	1123	1113	532	459	794
ko03040	4	0	0	0	0	0	0	0	0	0	0	0	0	0	0	0	0	0	0
ko03050	9	0	2	22	2	5	3	0	0	6	3	7	8	3	5	13	9	7	7
ko03060	2817	814	878	3597	332	230	1082	8502	7323	880	218	1122	926	393	895	922	450	362	623
ko03070	8917	860	1423	6609	393	244	1126	8475	7306	966	252	1328	1119	446	1004	1104	541	439	708
ko03320	2177	65	241	1239	48	43	109	88	77	97	31	115	95	60	65	92	55	36	65
ko03410	2739	701	718	3098	258	156	855	7207	6197	655	155	853	706	294	699	676	311	276	474
ko03420	1867	597	595	2490	240	162	780	6260	5388	623	152	795	660	279	629	639	307	268	432
ko03430	3564	1311	1266	4945	494	315	1746	14833	12757	1357	312	1716	1434	579	1375	1346	621	562	959
ko03440	3929	1395	1423	5314	542	377	1899	14966	12874	1489	356	1816	1508	657	1461	1451	704	596	1058
ko03450	312	0	18	177	0	0	0	0	0	0	0	2	1	0	1	1	0	0	1
ko04011	635	2	51	321	0	1	0	1	1	5	2	15	13	1	12	19	10	8	9
ko04013	306	4	32	148	5	5	7	7	6	10	5	18	16	7	14	19	12	7	13
ko04014	12	0	0	18	0	0	0	0	0	0	0	0	0	0	0	0	0	0	0
ko04016	1411	302	319	1523	100	60	351	3291	2832	270	62	365	297	113	305	303	136	124	198
ko04022	12	51	33	89	17	10	61	675	579	44	11	54	47	15	51	41	20	14	33
ko04024	24	51	33	108	17	10	61	675	579	44	11	54	47	15	51	41	20	14	33
ko04066	785	218	211	1005	79	46	266	2464	2120	204	45	270	225	90	226	212	95	103	160
ko04068	945	7	83	474	7	6	9	8	7	17	8	38	34	10	27	40	22	18	24
ko04070	594	85	127	624	38	28	107	684	592	90	25	126	98	44	88	102	49	36	59
ko04071	12	0	0	22	0	0	0	0	0	0	0	0	0	0	0	0	0	0	0
ko04072	164	7	18	134	2	1	6	9	10	6	1	12	7	5	5	8	1	2	1
ko04080	123	0	9	72	0	0	0	0	0	0	0	0	0	0	0	0	0	0	0
ko04112	6627	707	1041	5544	300	190	904	6856	5908	738	181	1080	886	367	797	825	363	356	568
ko04113	301	5	32	265	6	5	8	0	0	10	4	16	13	4	10	12	8	3	8
ko04115	290	1	21	161	0	0	0	0	0	3	1	5	5	0	5	9	5	4	4
ko04122	3449	333	572	2614	140	73	433	3357	2894	364	82	473	403	153	384	396	189	174	281
ko04138	9	12	17	32	11	2	20	0	0	17	3	21	19	7	11	10	4	8	7
ko04141	229	80	78	367	27	25	100	671	581	86	20	112	89	40	91	104	51	46	67
ko04142	144	85	121	197	63	65	151	806	693	146	55	249	196	86	173	175	91	49	141
ko04144	12	0	0	18	0	0	0	0	0	0	0	0	0	0	0	0	0	0	0
ko04146	2836	89	314	1664	54	59	137	786	676	136	51	205	173	71	142	199	113	71	122
ko04151	173	8	34	81	12	11	25	1	1	29	10	41	37	17	25	33	18	14	27
ko04152	329	60	70	279	24	16	82	660	568	67	18	93	78	34	72	72	31	28	53
ko04210	409	3	38	223	4	5	5	0	0	10	5	20	17	5	15	20	11	6	13
ko04211	941	6	83	469	5	6	7	8	7	15	7	33	29	8	26	38	22	15	22
ko04212	1706	206	292	1357	88	61	263	2146	1847	219	60	302	253	102	238	256	128	101	165
ko04213	1738	195	283	1493	74	51	229	1995	1719	195	52	277	230	85	229	240	118	98	157
ko04214	822	18	88	531	12	12	27	9	10	32	9	41	33	14	29	42	24	20	25
ko04215	290	1	21	161	0	0	0	0	0	3	1	5	5	0	5	9	5	4	4
ko04216	900	47	132	558	34	39	89	611	524	82	33	116	100	44	75	100	61	29	67
ko04217	1340	160	253	1079	75	58	255	1408	1213	210	48	246	204	112	176	195	95	87	145
ko04260	414	51	66	323	17	10	61	675	579	53	14	69	62	15	66	68	35	26	45
ko04261	12	51	33	89	17	10	61	675	579	44	11	54	47	15	51	41	20	14	33
ko04380	2	0	0	0	0	0	0	0	0	0	0	1	1	0	1	1	0	0	0
ko04612	168	5	27	76	6	6	18	1	1	20	5	26	23	11	16	23	12	10	18
ko04614	182	4	23	78	8	8	10	1	1	14	8	15	14	8	12	12	12	0	11
ko04621	1015	122	205	787	63	49	188	1109	957	176	46	248	208	84	186	208	100	88	150
ko04622	118	11	16	133	1	1	9	81	71	6	1	7	3	6	8	6	1	2	3
ko04626	1160	91	172	746	52	30	130	687	591	117	31	160	143	61	121	128	64	59	96
ko04657	168	5	27	76	6	6	18	1	1	20	5	26	23	11	16	23	12	10	18
ko04659	168	5	27	76	6	6	18	1	1	20	5	26	23	11	16	23	12	10	18
ko04666	12	0	0	18	0	0	0	0	0	0	0	0	0	0	0	0	0	0	0
ko04714	1580	10	157	892	20	31	33	2	2	49	25	75	63	24	43	87	57	22	42
ko04723	4	0	0	11	0	0	0	0	0	0	0	0	0	0	0	0	0	0	0
ko04724	897	118	163	730	54	28	161	1296	1113	128	29	174	149	51	127	126	56	58	88
ko04726	348	1	28	193	2	4	3	0	0	3	2	2	1	2	0	4	5	1	1
ko04727	890	120	166	721	56	28	163	1297	1114	130	29	183	156	52	132	132	57	61	91
ko04728	348	1	28	193	2	4	3	0	0	3	2	2	1	2	0	4	5	1	1
ko04910	276	21	53	217	18	17	47	28	26	45	13	57	47	34	35	45	24	22	36
ko04911	12	51	33	89	17	10	61	675	579	44	11	54	47	15	51	41	20	14	33
ko04912	12	0	0	18	0	0	0	0	0	0	0	0	0	0	0	0	0	0	0
ko04914	168	5	27	76	6	6	18	1	1	20	5	26	23	11	16	23	12	10	18
ko04915	168	5	27	76	6	6	18	1	1	20	5	26	23	11	16	23	12	10	18
ko04916	120	0	9	51	0	0	0	0	0	0	0	0	0	0	0	0	0	0	0
ko04917	19	64	41	161	19	12	81	731	628	58	12	66	54	23	56	49	21	21	35
ko04918	597	148	140	613	53	27	185	2045	1754	134	32	169	148	48	154	124	59	52	102
ko04919	159	51	42	145	17	10	61	675	579	44	11	54	47	15	51	41	20	14	33
ko04920	650	10	87	377	22	31	35	1	1	42	23	65	53	26	29	62	42	13	32
ko04922	735	440	380	1568	177	104	561	4399	3786	424	94	515	424	187	413	376	176	188	291
ko04924	21	0	0	8	0	0	0	0	0	0	0	0	0	0	0	0	0	0	0
ko04925	12	51	33	89	17	10	61	675	579	44	11	54	47	15	51	41	20	14	33
ko04928	12	0	0	18	0	0	0	0	0	0	0	0	0	0	0	0	0	0	0
ko04930	273	65	69	290	25	17	91	660	568	68	15	77	62	34	62	56	26	28	48
ko04931	556	84	121	501	44	38	140	680	587	116	30	123	103	65	91	98	55	46	80
ko04932	692	1	54	395	0	0	0	0	0	12	4	20	20	0	20	36	20	16	16
ko04934	271	57	98	250	16	11	79	646	554	58	11	93	77	19	61	94	38	34	55
ko04940	172	64	64	259	26	17	83	660	568	66	16	89	73	29	70	71	33	30	49
ko04960	12	51	33	89	17	10	61	675	579	44	11	54	47	15	51	41	20	14	33
ko04961	12	51	33	89	17	10	61	675	579	44	11	54	47	15	51	41	20	14	33
ko04964	158	102	82	265	45	16	125	1312	1125	94	22	133	118	30	107	90	39	40	68
ko04970	12	51	33	89	17	10	61	675	579	44	11	54	47	15	51	41	20	14	33
ko04971	12	51	33	89	17	10	61	675	579	44	11	54	47	15	51	41	20	14	33
ko04972	18	51	33	89	17	10	61	675	579	44	11	54	47	15	51	41	20	14	33
ko04973	32	60	51	117	34	53	114	687	589	92	34	84	70	45	62	84	64	31	57
ko04974	74	69	48	172	24	21	76	692	596	57	17	82	64	29	69	64	31	22	46
ko04976	14	51	33	94	17	10	61	675	579	44	11	54	47	15	51	41	20	14	33
ko04978	143	54	47	166	17	11	72	675	580	51	11	54	47	18	52	41	20	16	37
ko04979	117	0	9	72	0	0	0	0	0	0	0	0	0	0	0	0	0	0	0
ko05010	1199	63	144	802	25	17	81	660	568	78	20	104	90	29	90	109	56	46	65
ko05012	692	1	54	395	0	0	0	0	0	12	4	20	20	0	20	36	20	16	16
ko05014	970	3	74	508	0	1	0	2	2	11	4	25	24	2	22	37	20	18	19
ko05016	1043	5	88	569	5	5	7	8	7	25	10	43	42	8	39	64	37	29	35
ko05020	45	0	2	26	0	0	0	1	1	3	1	5	6	1	5	9	5	6	6
ko05030	348	1	28	193	2	4	3	0	0	3	2	2	1	2	0	4	5	1	1
ko05031	348	1	28	193	2	4	3	0	0	3	2	2	1	2	0	4	5	1	1
ko05034	348	1	28	193	2	4	3	0	0	3	2	2	1	2	0	4	5	1	1
ko05100	5	12	4	23	5	4	7	13	13	3	2	6	3	6	5	7	3	2	1
ko05110	141	7	13	67	2	1	11	144	123	7	1	9	8	2	8	7	3	3	6
ko05111	9650	908	1377	7225	256	195	1155	10238	8831	887	187	1183	951	404	963	932	387	431	711
ko05120	435	45	105	464	28	25	77	40	43	77	17	83	61	45	51	66	36	26	44
ko05132	1316	12	132	704	8	8	24	8	9	36	10	78	73	23	49	81	35	59	68
ko05133	4533	42	405	2200	28	19	46	30	31	52	16	157	117	45	77	92	25	38	57
ko05134	1010	169	226	1031	72	66	222	1470	1269	197	56	256	213	92	202	253	137	101	157
ko05142	167	0	9	84	2	4	3	1	1	3	2	2	1	2	0	4	5	1	1
ko05143	260	2	25	130	6	8	8	1	1	10	6	8	7	6	5	9	11	1	6
ko05145	290	1	21	161	0	0	0	0	0	3	1	5	5	0	5	9	5	4	4
ko05146	26	9	9	26	3	2	21	113	97	16	2	20	17	9	12	11	2	11	15
ko05150	789	244	210	1050	79	28	255	2765	2379	182	35	249	200	67	220	181	71	77	121
ko05152	1142	190	234	1052	72	53	247	1984	1708	196	49	249	206	88	199	207	100	86	143
ko05161	290	1	21	161	0	0	0	0	0	3	1	5	5	0	5	9	5	4	4
ko05163	290	1	21	161	0	0	0	0	0	3	1	5	5	0	5	9	5	4	4
ko05164	296	1	21	161	0	0	0	0	0	3	1	5	5	0	5	9	5	4	4
ko05165	273	65	69	290	25	17	91	660	568	68	15	73	60	33	60	54	26	27	47
ko05166	117	0	9	72	0	0	0	0	0	0	0	0	0	0	0	0	0	0	0
ko05167	290	1	21	161	0	0	0	0	0	3	1	5	5	0	5	9	5	4	4
ko05168	290	1	21	161	0	0	0	0	0	3	1	5	5	0	5	9	5	4	4
ko05200	2446	94	291	1451	33	20	129	986	845	104	22	157	134	36	108	150	65	58	93
ko05203	273	65	69	290	25	17	91	660	568	68	15	73	60	33	60	54	26	27	47
ko05204	1663	7	116	944	5	0	3	4	3	4	1	8	8	3	3	4	1	2	1
ko05205	161	64	56	244	21	13	82	731	629	61	12	78	64	25	64	64	27	28	43
ko05206	288	96	105	438	70	23	138	967	833	136	35	223	202	73	142	158	66	63	82
ko05210	290	1	21	161	0	0	0	0	0	3	1	5	5	0	5	9	5	4	4
ko05211	271	57	98	250	16	11	79	646	554	58	11	93	77	19	61	94	38	34	55
ko05215	168	5	27	76	6	6	18	1	1	20	5	26	23	11	16	23	12	10	18
ko05219	6	13	13	84	10	1	11	14	14	11	2	19	14	8	11	10	3	5	3
ko05222	290	1	21	161	0	0	0	0	0	3	1	5	5	0	5	9	5	4	4
ko05225	1717	31	145	964	11	3	32	339	290	23	5	33	29	6	26	24	10	10	16
ko05230	978	396	345	1559	147	82	493	4376	3764	367	80	469	385	158	380	338	147	162	260
ko05231	164	9	22	135	2	2	17	9	10	14	1	13	7	8	6	8	1	4	5
ko05322	0	0	0	1	0	0	0	0	0	0	0	0	0	0	0	0	0	0	0
ko05323	2	0	0	0	0	0	0	0	0	0	0	1	1	0	1	1	0	0	0
ko05340	183	119	92	418	35	28	151	1525	1310	108	26	135	112	42	118	113	53	42	80
ko05410	21	0	0	8	0	0	0	0	0	0	0	0	0	0	0	0	0	0	0
ko05416	290	1	21	161	0	0	0	0	0	3	1	5	5	0	5	9	5	4	4
ko05418	2684	172	377	1786	88	63	250	1461	1260	222	57	302	249	104	220	239	115	99	172
